name,id,tags,tech/manufacturer,rarity,base price,stack size,cargo space,icon,sound id,sound id drop,plugin,plugin params,desc,order,
Crimson Stellar Cube,Cube_Crimson,Cargo_target,Crimson Treasure,5,600,1000,1,graphics/icons/cargo/Crimson.png,ui_cargo_raremetals,ui_cargo_raremetals_drop,data.campaign.Cube_Crimson,,"A mysterious cube containing unimaginable energy. Without proper utilization methods, it might simply serve as a crimson-glowing desk lamp. However, this particular cube seems to possess a unique built-in function?",0,
Cluster of Crimson Stellar Cubes,Cube_Crimson10,Cargo_target,Crimson Treasure,5,5000,1000,1,graphics/icons/cargo/Crimson10.png,ui_cargo_raremetals,ui_cargo_raremetals_drop,data.campaign.Cube_Crimson10,,"The shrine is filled with these strange cubes... Elis doesn't seem to mind bulk purchases. She even offers... discounts?",0.1,
Deep Blue Stellar Cube,Cube_DeepBlue,Cargo_target,Crimson Treasure,5,600,1000,1,graphics/icons/cargo/DeepBlue.png,ui_cargo_raremetals,ui_cargo_raremetals_drop,data.campaign.Cube_Deepblue,,"A mysterious cube containing unimaginable energy. Without proper utilization methods, it might simply serve as a blue-glowing desk lamp. However, this particular cube seems to possess a unique built-in function?",0.2,
Cluster of Deep Blue Stellar Cubes,Cube_DeepBlue10,Cargo_target,Crimson Treasure,5,5000,1000,1,graphics/icons/cargo/DeepBlue10.png,ui_cargo_raremetals,ui_cargo_raremetals_drop,data.campaign.Cube_Deepblue10,,"The shrine is filled with these strange cubes... Elis doesn't seem to mind bulk purchases. She even offers... discounts?",0.3,
Mist-Shrouded Stellar Cube,Cube_DenseFog,Cargo_target,Crimson Treasure,5,600,1000,1,graphics/icons/cargo/DenseFog.png,ui_cargo_raremetals,ui_cargo_raremetals_drop,data.campaign.Cube_DenseFog,,"A mysterious cube containing unimaginable energy. Without proper utilization methods, it might simply serve as a violet-glowing desk lamp. However, this particular cube seems to possess a unique built-in function?",0.4,
Cluster of Mist-Shrouded Stellar Cubes,Cube_DenseFog10,Cargo_target,Crimson Treasure,5,5000,1000,1,graphics/icons/cargo/DenseFog10.png,ui_cargo_raremetals,ui_cargo_raremetals_drop,data.campaign.Cube_DenseFog10,,"The shrine is filled with these strange cubes... Elis doesn't seem to mind bulk purchases. She even offers... discounts?",0.5,
Ritual Card,Crad_GongShi,,Crimson Treasure,5,50000,1000,0,graphics/icons/cargo/CradB.png,ui_chip_pickup,ui_bp_package_drop,data.GongShi.Crad_GongShi,,This is you!,1,
Ritual Card,Crad_G,,Crimson Treasure,5,50000,1000,0,graphics/icons/cargo/CradB.png,ui_chip_pickup,ui_bp_package_drop,data.GongShi.Crad_G,,This is you!,1,
Ritual Card,Crad_S,,Crimson Treasure,5,50000,1000,0,graphics/icons/cargo/CradB.png,ui_chip_pickup,ui_bp_package_drop,data.GongShi.Crad_S,,This is you!,1,
Ritual Card,Crad_A,,Crimson Treasure,5,50000,1000,0,graphics/icons/cargo/CradB.png,ui_chip_pickup,ui_bp_package_drop,data.GongShi.Crad_A,,This is you!,1,

Mystic Violet Ring Spirit Key,Wthc_cargo,,Crimson Treasure,,100,1,0,graphics/icons/cargo/CradPlayer.png,ui_cargo_special_biotech_pickup,ui_cargo_special_tech_drop,data.scripts.cargo.URA_cargo,,"A mysterious card that suddenly appeared in your possession, likely a gift from the Crimson Lords. This ""Ring Spirit Key"" appears to temporarily connect you to a subspace network called the Ring Spirit Realm. The back bears an incomprehensible ID above your name. Regardless, it now belongs to you.",0,

Spear Collection,LanceCollect,,Crimson Treasure,5,500,1000,100,graphics/icons/cargo/Lance.png,ui_cargo_raremetals,ui_cargo_raremetals_drop,data.campaign.LanceCollect,,"A bundle of preserved weapons in stasis...",0,
Primordial Refit Blueprint,WIE_bp,,Primordial Refit,5,20000,1000,1,graphics/icons/cargo/blueprint_witch.png,ui_chip_pickup,ui_bp_package_drop,com.fs.starfarer.api.campaign.impl.items.MultiBlueprintItemPlugin,WIE_bp,"Enables heavy industrial facilities to produce weapons from the Primordial Refit designs. Weapons modified by Rika, the Primordial Witch, are often bold yet practical variants of common Persean armaments.",299.1
Thunder March Blueprint,TD_bp,,Primordial Refit,5,20000,1000,1,graphics/icons/cargo/blueprint_witch.png,ui_chip_pickup,ui_bp_package_drop,com.fs.starfarer.api.campaign.impl.items.MultiBlueprintItemPlugin,TD_bp,"Enables production of Thunder March designs - weapons based on Thor Batteries. Modified by Rika with even bolder designs that abandon practicality.",299.2
Dust Experiment Blueprint,WDust_bp,,Dust Experiments,5,20000,1000,1,graphics/icons/cargo/blueprint_witch.png,ui_chip_pickup,ui_bp_package_drop,com.fs.starfarer.api.campaign.impl.items.MultiBlueprintItemPlugin,WDust_bp,"Enables production of Dust Experiment weapons and fighters. Designed by Dust Witch Nazeer, these push physics limits while maintaining lethality, though their wild aesthetics limit appeal to only the most daring captains.",299.3
Stellar Sync Blueprint,SS_bp,,Dust Experiments,5,20000,1000,1,graphics/icons/cargo/blueprint_witch.png,ui_chip_pickup,ui_bp_package_drop,com.fs.starfarer.api.campaign.impl.items.MultiBlueprintItemPlugin,SS_bp,"Enables production of Stellar Sync designs. Nazeer's creations challenge physical limits with devastating results, though their radical forms demand equally bold commanders.",299.3
Rosarium Design Blueprint,RIE_bp,,Rosarium Designs,5,20000,1000,1,graphics/icons/cargo/blueprint_witch.png,ui_chip_pickup,ui_bp_package_drop,com.fs.starfarer.api.campaign.impl.items.MultiBlueprintItemPlugin,RIE_bp,"Enables production of Rosarium ships and fighters. Jointly designed by three witches, these vessels feature unique tactical systems ill-suited for conventional Persean warfare.",299.4
Pale Legacy Blueprint,RIEB_bp,,Pale Legacy,5,20000,1000,1,graphics/icons/cargo/blueprint_witch.png,ui_chip_pickup,ui_bp_package_drop,com.fs.starfarer.api.campaign.impl.items.MultiBlueprintItemPlugin,RIEB_bp,"Enables production of Pale Legacy ships. Under mysterious intervention from the Pale King, these modified RIE vessels sacrifice crew safety and versatility for immense combat potential.",299.5
Deceptively Ordinary Scepter,mace_EC,,Primordial Refit,5,500,1000,1,graphics/icons/cargo/mace_EC.png,ui_chip_pickup,ui_bp_package_drop,data.campaign.Mace_Ec,,"A crude-looking scepter likely crafted by a witch. While appearing mundane, your instincts suggest it might conceal power from an artistically-challenged creator.",0,

Pale Ring Spirit Key,Crad_B1,Cargo_target,Crimson Treasure,5,0,1000,0,graphics/icons/cargo/CradB2.png,ui_chip_pickup,ui_bp_package_drop,data.campaign.Card.Crad_B1,,"An eerie, surreal card... No sane Persean would willingly carry this...",0,
Pale Ring Spirit Key,Crad_B2,Cargo_target,Crimson Treasure,5,0,1000,0,graphics/icons/cargo/CradB.png,ui_chip_pickup,ui_bp_package_drop,data.campaign.Card.Crad_B2,,"An eerie, surreal card... No sane Persean would willingly carry this...",0,
Pale Ring Spirit Key,Crad_B3,Cargo_target,Crimson Treasure,5,0,1000,0,graphics/icons/cargo/CradB2.png,ui_chip_pickup,ui_bp_package_drop,data.campaign.Card.Crad_B3,,"An eerie, surreal card... No sane Persean would willingly carry this...",0,
Pyrocontract,Crad_HNB,,Crimson Treasure,5,500,1000,0,graphics/icons/cargo/CradAL.png,ui_chip_pickup,ui_bp_package_drop,data.campaign.Card.Crad_Hanabi,,"A terminal card containing personnel data. This special contract allows its bearer to temporarily recruit a pyrotechnician via Stellar Dust Teleportation - despite the subject's refusal to disclose information.",1,

Aesthetically Pleasing Storage Chip,Page_Blue,,Crimson Treasure,5,500,1000,0,graphics/icons/cargo/chip6.png,ui_chip_pickup,ui_bp_package_drop,data.campaign.Page_Blue,,An ordinary data chip common throughout the Persean Sector - even they use these ubiquitous devices for information storage.,1,
Ceremonial Storage Chip,Page_Cm,,Crimson Treasure,5,500,1000,0,graphics/icons/cargo/chip1.png,ui_chip_pickup,ui_bp_package_drop,data.campaign.Page_Cm,,An ordinary data chip common throughout the Persean Sector - even they use these ubiquitous devices for information storage.,1,
Slightly Radioactive Storage Chip,Page_Dust,,Dust Experiments,5,500,1000,0,graphics/icons/cargo/chip2.png,ui_chip_pickup,ui_bp_package_drop,data.campaign.Page_Dust,,An ordinary data chip common throughout the Persean Sector - even they use these ubiquitous devices for information storage.,1,
Sophisticated Storage Chip,Page_Ie,,Primordial Refit,5,500,1000,0,graphics/icons/cargo/chip4.png,ui_chip_pickup,ui_bp_package_drop,data.campaign.Page_Ie,,An ordinary data chip common throughout the Persean Sector - even they use these ubiquitous devices for information storage.,1,
Sweet-Scented Storage Chip,Page_Elf,,Crimson Treasure,5,500,1000,0,graphics/icons/cargo/chip5.png,ui_chip_pickup,ui_bp_package_drop,data.campaign.Page_Elf,,An ordinary data chip common throughout the Persean Sector - even they use these ubiquitous devices for information storage.,1,
Pale Storage Chip,Page_Ba,,Pale Legacy,5,500,1000,0,graphics/icons/cargo/chip3.png,ui_chip_pickup,ui_bp_package_drop,data.campaign.Page_Ba,,"A blurred, unreal-looking chip that somehow remains functional. Who knows what strange data it contains?",1,
Azure Storage Chip,Page_Zoo,,Crimson Treasure,5,500,1000,0,graphics/icons/cargo/chip7.png,ui_chip_pickup,ui_bp_package_drop,data.campaign.Page_Zoo,,An ordinary data chip common throughout the Persean Sector - even they use these ubiquitous devices for information storage.,9,

Ring Spirit Key of Dread?,Crad_Dali,,Crimson Treasure,5,500,1000,0,graphics/icons/cargo/CradDM.png,ui_chip_pickup,ui_bp_package_drop,data.campaign.Card.Crad_Dali,,FearFearFearFearFearFearFearFear,1,

Abyssal Blue Ring Spirit Key,Crad_RRA4,Cargo_target,Crimson Treasure,5,500,1000,0,graphics/icons/cargo/CradRRA2.png,ui_chip_pickup,ui_bp_package_drop,data.campaign.Card.Crad_RRA4,,"This Ring Spirit Key connects you to a genuine Witch who will provide limited assistance. When deployed strategically, these living legends can unleash terrifying battlefield potential.",0,
Radiant Ring Spirit Key,Crad_IE4,Cargo_target,Crimson Treasure,5,500,1000,0,graphics/icons/cargo/CradIE2.png,ui_chip_pickup,ui_bp_package_drop,data.campaign.Card.Crad_IE4,,This Ring Spirit Key connects you to a genuine Witch who will provide limited assistance. When deployed strategically these living legends can unleash terrifying battlefield potential.,0,
Ashen Ring Spirit Key,Crad_Cross4,Cargo_target,Crimson Treasure,5,500,1000,0,graphics/icons/cargo/CradCross2.png,ui_chip_pickup,ui_bp_package_drop,data.campaign.Card.Crad_Cross4,,This Ring Spirit Key connects you to a genuine Witch who will provide limited assistance. When deployed strategically these living legends can unleash terrifying battlefield potential.,0,
Viridian Ring Spirit Key,Crad_SSoul4,Cargo_target,Crimson Treasure,5,500,1000,0,graphics/icons/cargo/CradSSoul2.png,ui_chip_pickup,ui_bp_package_drop,data.campaign.Card.Crad_SSoul4,,This Ring Spirit Key connects you to a genuine Witch who will provide limited assistance. When deployed strategically these living legends can unleash terrifying battlefield potential.,0,
Crimson Ring Spirit Key,Crad_Dust4,Cargo_target,Crimson Treasure,5,500,1000,0,graphics/icons/cargo/CradDust2.png,ui_chip_pickup,ui_bp_package_drop,data.campaign.Card.Crad_Dust4,,This Ring Spirit Key connects you to a genuine Witch who will provide limited assistance. When deployed strategically these living legends can unleash terrifying battlefield potential.,0,
Amber Ring Spirit Key,Crad_Elf4,Cargo_target,Crimson Treasure,5,500,1000,0,graphics/icons/cargo/CradElf2.png,ui_chip_pickup,ui_bp_package_drop,data.campaign.Card.Crad_Elf4,,This Ring Spirit Key connects you to a genuine Witch who will provide limited assistance. When deployed strategically these living legends can unleash terrifying battlefield potential.,0,

Abyssal Blue Ring Spirit Key,Crad_RRA3,Cargo_target,Crimson Treasure,5,500,1000,0,graphics/icons/cargo/CradRRA.png,ui_chip_pickup,ui_bp_package_drop,data.campaign.Card.Crad_RRA3,,This Ring Spirit Key connects you to a genuine Witch who will provide limited assistance. When deployed strategically these living legends can unleash terrifying battlefield potential.,0,
Radiant Ring Spirit Key,Crad_IE3,Cargo_target,Crimson Treasure,5,500,1000,0,graphics/icons/cargo/CradIE.png,ui_chip_pickup,ui_bp_package_drop,data.campaign.Card.Crad_IE3,,This Ring Spirit Key connects you to a genuine Witch who will provide limited assistance. When deployed strategically these living legends can unleash terrifying battlefield potential.,0,
Ashen Ring Spirit Key,Crad_Cross3,Cargo_target,Crimson Treasure,5,500,1000,0,graphics/icons/cargo/CradCross.png,ui_chip_pickup,ui_bp_package_drop,data.campaign.Card.Crad_Cross3,,This Ring Spirit Key connects you to a genuine Witch who will provide limited assistance. When deployed strategically these living legends can unleash terrifying battlefield potential.,0,
Viridian Ring Spirit Key,Crad_SSoul3,Cargo_target,Crimson Treasure,5,500,1000,0,graphics/icons/cargo/CradSSoul.png,ui_chip_pickup,ui_bp_package_drop,data.campaign.Card.Crad_SSoul3,,This Ring Spirit Key connects you to a genuine Witch who will provide limited assistance. When deployed strategically these living legends can unleash terrifying battlefield potential.,0,
Crimson Ring Spirit Key,Crad_Dust3,Cargo_target,Crimson Treasure,5,500,1000,0,graphics/icons/cargo/CradDust.png,ui_chip_pickup,ui_bp_package_drop,data.campaign.Card.Crad_Dust3,,This Ring Spirit Key connects you to a genuine Witch who will provide limited assistance. When deployed strategically these living legends can unleash terrifying battlefield potential.,0,
Amber Ring Spirit Key,Crad_Elf3,Cargo_target,Crimson Treasure,5,500,1000,0,graphics/icons/cargo/CradElf.png,ui_chip_pickup,ui_bp_package_drop,data.campaign.Card.Crad_Elf3,,This Ring Spirit Key connects you to a genuine Witch who will provide limited assistance. When deployed strategically these living legends can unleash terrifying battlefield potential.,0,
Cerulean Ring Spirit Key,Crad_YueBen3,Cargo_target,Crimson Treasure,5,500,1000,0,graphics/icons/cargo/CradYueBen2.png,ui_chip_pickup,ui_bp_package_drop,data.campaign.Card.Crad_YueBen3,,This Ring Spirit Key connects you to a genuine Witch who will provide limited assistance. When deployed strategically these living legends can unleash terrifying battlefield potential.,0,
Verdant Ring Spirit Key,Crad_SuDan3,Cargo_target,Crimson Treasure,5,500,1000,0,graphics/icons/cargo/CradSuDan2.png,ui_chip_pickup,ui_bp_package_drop,data.campaign.Card.Crad_SuDan3,,This Key connects to an... unconventional entity. Proper application might unleash devastatingly comedic battlefield effects.,0,

Crimson Ring Spirit Key EX,Crad_Dust3EX,Cargo_target,Crimson Treasure,5,500,1000,0,graphics/icons/cargo/CradDustEX.png,ui_chip_pickup,ui_bp_package_drop,data.campaign.Card.Crad_Dust3EX,,This enhanced Ring Spirit Key connects you to a genuine Witch who will provide limited assistance. When deployed strategically these living legends can unleash terrifying battlefield potential.,0,
Viridian Ring Spirit Key EX,Crad_SSoul3EX,Cargo_target,Crimson Treasure,5,500,1000,0,graphics/icons/cargo/CradSSoulEX.png,ui_chip_pickup,ui_bp_package_drop,data.campaign.Card.Crad_SSoul3EX,,This enhanced Ring Spirit Key connects you to a genuine Witch who will provide limited assistance. When deployed strategically these living legends can unleash terrifying battlefield potential.,0,
Amber Ring Spirit Key EX,Crad_Elf3EX,Cargo_target,Crimson Treasure,5,500,1000,0,graphics/icons/cargo/CradElfEX.png,ui_chip_pickup,ui_bp_package_drop,data.campaign.Card.Crad_Elf3EX,,This enhanced Ring Spirit Key connects you to a genuine Witch who will provide limited assistance. When deployed strategically these living legends can unleash terrifying battlefield potential.,0,
Abyssal Blue Ring Spirit Key EX,Crad_RRA3EX,Cargo_target,Crimson Treasure,5,500,1000,0,graphics/icons/cargo/CradRRAEX.png,ui_chip_pickup,ui_bp_package_drop,data.campaign.Card.Crad_RRA3EX,,This enhanced Ring Spirit Key connects you to a genuine Witch who will provide limited assistance. When deployed strategically these living legends can unleash terrifying battlefield potential.,0,
Radiant Ring Spirit Key EX,Crad_IE3EX,Cargo_target,Crimson Treasure,5,500,1000,0,graphics/icons/cargo/CradIEEX.png,ui_chip_pickup,ui_bp_package_drop,data.campaign.Card.Crad_IE3EX,,This enhanced Ring Spirit Key connects you to a genuine Witch who will provide limited assistance. When deployed strategically these living legends can unleash terrifying battlefield potential.,0,
Ashen Ring Spirit Key EX,Crad_Cross3EX,Cargo_target,Crimson Treasure,5,500,1000,0,graphics/icons/cargo/CradCrossEX.png,ui_chip_pickup,ui_bp_package_drop,data.campaign.Card.Crad_Cross3EX,,This enhanced Ring Spirit Key connects you to a genuine Witch who will provide limited assistance. When deployed strategically these living legends can unleash terrifying battlefield potential.,0,

Abyssal Blue Ring Spirit Key,Crad_RRA2,Cargo_target,Crimson Treasure,5,500,1000,0,graphics/icons/cargo/CradRRA.png,ui_chip_pickup,ui_bp_package_drop,data.campaign.Card.Crad_RRA2,,"Upon picking up this Key, overwhelming willpower floods your mind... You must experience the memory fragments stored within this data card firsthand.",0,
Radiant Ring Spirit Key,Crad_IE2,Cargo_target,Crimson Treasure,5,500,1000,0,graphics/icons/cargo/CradIE.png,ui_chip_pickup,ui_bp_package_drop,data.campaign.Card.Crad_IE2,,"Upon picking up this Key, overwhelming willpower floods your mind... You must experience the memory fragments stored within this data card firsthand.",0,
Ashen Ring Spirit Key,Crad_Cross2,Cargo_target,Crimson Treasure,5,500,1000,0,graphics/icons/cargo/CradCross.png,ui_chip_pickup,ui_bp_package_drop,data.campaign.Card.Crad_Cross2,,"Upon picking up this Key, overwhelming willpower floods your mind... You must experience the memory fragments stored within this data card firsthand.",0,
Viridian Ring Spirit Key,Crad_SSoul2,Cargo_target,Crimson Treasure,5,500,1000,0,graphics/icons/cargo/CradSSoul.png,ui_chip_pickup,ui_bp_package_drop,data.campaign.Card.Crad_SSoul2,,"Upon picking up this Key, overwhelming willpower floods your mind... You must experience the memory fragments stored within this data card firsthand.",0,
Crimson Ring Spirit Key,Crad_Dust2,Cargo_target,Crimson Treasure,5,500,1000,0,graphics/icons/cargo/CradDust.png,ui_chip_pickup,ui_bp_package_drop,data.campaign.Card.Crad_Dust2,,"Upon picking up this Key, overwhelming willpower floods your mind... You must experience the memory fragments stored within this data card firsthand.",0,
Amber Ring Spirit Key,Crad_Elf2,Cargo_target,Crimson Treasure,5,500,1000,0,graphics/icons/cargo/CradElf.png,ui_chip_pickup,ui_bp_package_drop,data.campaign.Card.Crad_Elf2,,"Upon picking up this Key, overwhelming willpower floods your mind... You must experience the memory fragments stored within this data card firsthand.",0,
Cerulean Ring Spirit Key,Crad_YueBen2,Cargo_target,Crimson Treasure,5,500,1000,0,graphics/icons/cargo/CradYueBen.png,ui_chip_pickup,ui_bp_package_drop,data.campaign.Card.Crad_YueBen2,,"This Ring Spirit Key connects you to a genuine Witch who will provide limited assistance. When deployed strategically, these living legends can unleash terrifying battlefield potential.",0,
Verdant Ring Spirit Key,Crad_SuDan2,Cargo_target,Crimson Treasure,5,500,1000,0,graphics/icons/cargo/CradSuDan.png,ui_chip_pickup,ui_bp_package_drop,data.campaign.Card.Crad_SuDan2,,This Key connects to an unconventional entity. Proper application might unleash devastatingly comedic battlefield effects.,0,

Abyssal Blue Ring Spirit Key,Crad_RRA,Cargo_target,Crimson Treasure,5,500,1000,0,graphics/icons/cargo/CradRRA.png,ui_chip_pickup,ui_bp_package_drop,data.campaign.Card.Crad_RRA,,A terminal card using Stellar Dust Teleportation for light-year scale data transmission. Through Ring Spirit Network links it transfers control of most electronics directly to Elis Sanctuary - like a capital ship.,0,
Radiant Ring Spirit Key,Crad_IE,Cargo_target,Crimson Treasure,5,500,1000,0,graphics/icons/cargo/CradIE.png,ui_chip_pickup,ui_bp_package_drop,data.campaign.Card.Crad_IE,,A terminal card using Stellar Dust Teleportation for light-year scale data transmission. Through Ring Spirit Network links it transfers control of most electronics directly to Elis Sanctuary - like a capital ship.,0,
Ashen Ring Spirit Key,Crad_Cross,Cargo_target,Crimson Treasure,5,500,1000,0,graphics/icons/cargo/CradCross.png,ui_chip_pickup,ui_bp_package_drop,data.campaign.Card.Crad_Cross,,A terminal card using Stellar Dust Teleportation for light-year scale data transmission. Through Ring Spirit Network links it transfers control of most electronics directly to Elis Sanctuary - like a capital ship.,0,
Viridian Ring Spirit Key,Crad_SSoul,Cargo_target,Crimson Treasure,5,500,1000,0,graphics/icons/cargo/CradSSoul.png,ui_chip_pickup,ui_bp_package_drop,data.campaign.Card.Crad_SSoul,,A terminal card using Stellar Dust Teleportation for light-year scale data transmission. Through Ring Spirit Network links it transfers control of most electronics directly to Elis Sanctuary - like a capital ship.,0,
Crimson Ring Spirit Key,Crad_Dust,Cargo_target,Crimson Treasure,5,500,1000,0,graphics/icons/cargo/CradDust.png,ui_chip_pickup,ui_bp_package_drop,data.campaign.Card.Crad_Dust,,A terminal card using Stellar Dust Teleportation for light-year scale data transmission. Through Ring Spirit Network links it transfers control of most electronics directly to Elis Sanctuary - like a capital ship.,0,
Amber Ring Spirit Key,Crad_Elf,Cargo_target,Crimson Treasure,5,500,1000,0,graphics/icons/cargo/CradElf.png,ui_chip_pickup,ui_bp_package_drop,data.campaign.Card.Crad_Elf,,A terminal card using Stellar Dust Teleportation for light-year scale data transmission. Through Ring Spirit Network links it transfers control of most electronics directly to Elis Sanctuary - like a capital ship.,0,
Cerulean Ring Spirit Key,Crad_YueBen,Cargo_target,Crimson Treasure,5,500,1000,0,graphics/icons/cargo/CradYueBen.png,ui_chip_pickup,ui_bp_package_drop,data.campaign.Card.Crad_YueBen,,A terminal card using Stellar Dust Teleportation for light-year scale data transmission. Through Ring Spirit Network links it transfers control of most electronics directly to Elis Sanctuary - like a capital ship.,0,
Verdant Ring Spirit Key,Crad_SuDan,Cargo_target,Crimson Treasure,5,500,1000,0,graphics/icons/cargo/CradSuDan.png,ui_chip_pickup,ui_bp_package_drop,data.campaign.Card.Crad_SuDan,,A terminal card using Stellar Dust Teleportation for light-year scale data transmission. Through Ring Spirit Network links it transfers control of most electronics directly to Elis Sanctuary - like a capital ship.,0,

Crimson City Contract,Crad_DM,Cargo_target,Crimson Treasure,5,50000,1000,0,graphics/icons/cargo/CradDM.png,ui_chip_pickup,ui_bp_package_drop,data.campaign.Card.Crad_Demon,,A terminal card containing personnel data of Crimson City spacers. Allows temporary recruitment of envoys via Stellar Dust Teleportation.,1,
Crimson City Contract,Crad_DML,Cargo_target,Crimson Treasure,5,500,1000,0,graphics/icons/cargo/CradDM.png,ui_chip_pickup,ui_bp_package_drop,data.campaign.Card.Crad_DemonL,,A terminal card containing personnel data of Crimson City spacers. Allows temporary recruitment of envoys via Stellar Dust Teleportation.,1,
Crimson City Contract,Crad_AL,Cargo_target,Crimson Treasure,5,50000,1000,0,graphics/icons/cargo/CradAL.png,ui_chip_pickup,ui_bp_package_drop,data.campaign.Card.Crad_Angel,,A terminal card containing personnel data of Crimson City spacers. Allows temporary recruitment of envoys via Stellar Dust Teleportation.,1,
Crimson City Contract,Crad_ALL,Cargo_target,Crimson Treasure,5,500,1000,0,graphics/icons/cargo/CradAL.png,ui_chip_pickup,ui_bp_package_drop,data.campaign.Card.Crad_AngelL,,A terminal card containing personnel data of Crimson City spacers. Allows temporary recruitment of envoys via Stellar Dust Teleportation.,1,

Bulk Stellar Shift Agreement,Agreement_Crew,Cargo_target,Crimson Treasure,5,500,1000,0,graphics/icons/cargo/CradSup.png,ui_chip_pickup,ui_bp_package_drop,data.campaign.Agreement_Crew,,Mass-produced single-use cards sold in Crimson Vaults. Enables emergency teleportation of vital space exploration supplies via Stellar Dust Teleportation... Though how they achieve this remains unclear.,1.1,

Bulk Stellar Shift Agreement,Agreement_Supplies,Cargo_target,Crimson Treasure,5,400,1000,0,graphics/icons/cargo/CradSup2.png,ui_chip_pickup,ui_bp_package_drop,data.campaign.Agreement_Supplies,,Mass-produced single-use cards sold in Crimson Vaults. Enables emergency teleportation of vital space exploration supplies via Stellar Dust Teleportation... Though how they achieve this remains unclear.,1.2,
Bulk Stellar Shift Agreement,Agreement_Fuel,Cargo_target,Crimson Treasure,5,400,1000,0,graphics/icons/cargo/CradSup3.png,ui_chip_pickup,ui_bp_package_drop,data.campaign.Agreement_Fuel,,Mass-produced single-use cards sold in Crimson Vaults. Enables emergency teleportation of vital space exploration supplies via Stellar Dust Teleportation... Though how they achieve this remains unclear.,1.3,
Bulk Stellar Shift Agreement,Agreement_Story,Cargo_target,Crimson Treasure,5,4000,1000,0,graphics/icons/cargo/CradSup4.png,ui_chip_pickup,ui_bp_package_drop,data.campaign.Agreement_Story,,Mass-produced single-use cards sold in Crimson Vaults. Enables emergency teleportation of vital space exploration supplies via Stellar Dust Teleportation... Though how they achieve this remains unclear.,1.4,

Abyssal Blue Engraved Slab,Data_RRA_1,,Elis Archives,5,100000,1000,1,graphics/icons/cargo/Slabstone_RRA.png,ui_chip_pickup,ui_bp_package_drop,data.campaign.archives.WitchData.Data_RRA_1,,"While you don't understand why anyone would use these abstract stone slabs for data storage in this digital age, the retro lighting embedded in the walls does look undeniably cool.",1.1,
Abyssal Blue Engraved Slab,Data_RRA_2,,Elis Archives,5,100000,1000,1,graphics/icons/cargo/Slabstone_RRA.png,ui_chip_pickup,ui_bp_package_drop,data.campaign.archives.WitchData.Data_RRA_2,,"While you don't understand why anyone would use these abstract stone slabs for data storage in this digital age, the retro lighting embedded in the walls does look undeniably cool.",1.2,
Abyssal Blue Engraved Slab,Data_RRA_3,,Elis Archives,5,100000,1000,1,graphics/icons/cargo/Slabstone_RRA.png,ui_chip_pickup,ui_bp_package_drop,data.campaign.archives.WitchData.Data_RRA_3,,"While you don't understand why anyone would use these abstract stone slabs for data storage in this digital age, the retro lighting embedded in the walls does look undeniably cool.",1.3,
Holographic Record,Archives_RRA_0,,Elis Archives,5,100000,1000,1,graphics/icons/cargo/Archives_RRA.png,ui_chip_pickup,ui_bp_package_drop,data.campaign.archives.WitchData.Archives_RRA_0,,Touching the slab projects additional information... So they actually have this functionality?,1.4,
Holographic Record,Archives_RRA_1,,Elis Archives,5,100000,1000,1,graphics/icons/cargo/Archives_RRA.png,ui_chip_pickup,ui_bp_package_drop,data.campaign.archives.WitchData.Archives_RRA_1,,Touching the slab projects additional information... So they actually have this functionality?,1.5,
Holographic Record,Archives_RRA_2,,Elis Archives,5,100000,1000,1,graphics/icons/cargo/Archives_RRA.png,ui_chip_pickup,ui_bp_package_drop,data.campaign.archives.WitchData.Archives_RRA_2,,Touching the slab projects additional information... So they actually have this functionality?,1.6,
Holographic Record,Archives_RRA_3,,Elis Archives,5,100000,1000,1,graphics/icons/cargo/Archives_RRA.png,ui_chip_pickup,ui_bp_package_drop,data.campaign.archives.WitchData.Archives_RRA_22,,Touching the slab projects additional information... So they actually have this functionality?,1.7,
Holographic Record,Archives_RRA_4,,Elis Archives,5,100000,1000,1,graphics/icons/cargo/Archives_RRA.png,ui_chip_pickup,ui_bp_package_drop,data.campaign.archives.WitchData.Archives_RRA_3,,Touching the slab projects additional information... So they actually have this functionality?,1.8,
Holographic Record,Archives_RRACM,,Elis Archives,5,100000,1000,1,graphics/icons/cargo/Archives_CM.png,ui_chip_pickup,ui_bp_package_drop,data.campaign.archives.WitchData.Archives_CMRRA,,"Touching these slabs... Ugh, who else could this damn color belong to?",1.9,
Holographic Record,Archives_RRAEI,,Elis Archives,5,100000,1000,1,graphics/icons/cargo/Archives_Ei.png,ui_chip_pickup,ui_bp_package_drop,data.campaign.archives.WitchData.Archives_ElisRRA,,Touching these slabs... This entry seems to be transmitted from elsewhere...,1.9,

Ashen Engraved Slab,Data_Cross_1,,Elis Archives,5,100000,1000,1,graphics/icons/cargo/Slabstone_Cross.png,ui_chip_pickup,ui_bp_package_drop,data.campaign.archives.WitchData.Data_Cross_1,,"While you don't understand why anyone would use these abstract stone slabs for data storage in this digital age, the retro lighting embedded in the walls does look undeniably cool.",2.1,
Ashen Engraved Slab,Data_Cross_2,,Elis Archives,5,100000,1000,1,graphics/icons/cargo/Slabstone_Cross.png,ui_chip_pickup,ui_bp_package_drop,data.campaign.archives.WitchData.Data_Cross_2,,"While you don't understand why anyone would use these abstract stone slabs for data storage in this digital age, the retro lighting embedded in the walls does look undeniably cool.",2.2,
Ashen Engraved Slab,Data_Cross_3,,Elis Archives,5,100000,1000,1,graphics/icons/cargo/Slabstone_Cross.png,ui_chip_pickup,ui_bp_package_drop,data.campaign.archives.WitchData.Data_Cross_3,,"While you don't understand why anyone would use these abstract stone slabs for data storage in this digital age, the retro lighting embedded in the walls does look undeniably cool.",2.3,
Holographic Record,Archives_Cross_0,,Elis Archives,5,100000,1000,1,graphics/icons/cargo/Archives_Cross.png,ui_chip_pickup,ui_bp_package_drop,data.campaign.archives.WitchData.Archives_Cross_0,,Touching the slab projects additional information... So they actually have this functionality?,2.4,
Holographic Record,Archives_Cross_1,,Elis Archives,5,100000,1000,1,graphics/icons/cargo/Archives_Cross.png,ui_chip_pickup,ui_bp_package_drop,data.campaign.archives.WitchData.Archives_Cross_1,,Touching the slab projects additional information... So they actually have this functionality?,2.5,
Holographic Record,Archives_Cross_2,,Elis Archives,5,100000,1000,1,graphics/icons/cargo/Archives_Cross.png,ui_chip_pickup,ui_bp_package_drop,data.campaign.archives.WitchData.Archives_Cross_2,,Touching the slab projects additional information... So they actually have this functionality?,2.6,
Holographic Record,Archives_Cross_3,,Elis Archives,5,100000,1000,1,graphics/icons/cargo/Archives_Cross.png,ui_chip_pickup,ui_bp_package_drop,data.campaign.archives.WitchData.Archives_Cross_22,,Touching the slab projects additional information... So they actually have this functionality?,2.7,
Holographic Record,Archives_Cross_4,,Elis Archives,5,100000,1000,1,graphics/icons/cargo/Archives_Cross.png,ui_chip_pickup,ui_bp_package_drop,data.campaign.archives.WitchData.Archives_Cross_3,,Touching the slab projects additional information... So they actually have this functionality?,2.8,
Holographic Record,Archives_CrossCM,,Elis Archives,5,100000,1000,1,graphics/icons/cargo/Archives_CM.png,ui_chip_pickup,ui_bp_package_drop,data.campaign.archives.WitchData.Archives_CMCross,,"Touching these slabs... Ugh, who else could this damn color belong to?",2.9,
Holographic Record,Archives_CrossEI,,Elis Archives,5,100000,1000,1,graphics/icons/cargo/Archives_Ei.png,ui_chip_pickup,ui_bp_package_drop,data.campaign.archives.WitchData.Archives_ElisCross,,Touching these slabs... This entry seems to be transmitted from elsewhere...,2.9,

Radiant Engraved Slab,Data_IE_1,,Elis Archives,5,100000,1000,1,graphics/icons/cargo/Slabstone_IE.png,ui_chip_pickup,ui_bp_package_drop,data.campaign.archives.WitchData.Data_IE_1,,"While you don't understand why anyone would use these abstract stone slabs for data storage in this digital age, the retro lighting embedded in the walls does look undeniably cool.",3.1,
Radiant Engraved Slab,Data_IE_2,,Elis Archives,5,100000,1000,1,graphics/icons/cargo/Slabstone_IE.png,ui_chip_pickup,ui_bp_package_drop,data.campaign.archives.WitchData.Data_IE_2,,"While you don't understand why anyone would use these abstract stone slabs for data storage in this digital age, the retro lighting embedded in the walls does look undeniably cool.",3.2,
Radiant Engraved Slab,Data_IE_3,,Elis Archives,5,100000,1000,1,graphics/icons/cargo/Slabstone_IE.png,ui_chip_pickup,ui_bp_package_drop,data.campaign.archives.WitchData.Data_IE_3,,"While you don't understand why anyone would use these abstract stone slabs for data storage in this digital age, the retro lighting embedded in the walls does look undeniably cool.",3.3,
Holographic Record,Archives_IE_0,,Elis Archives,5,100000,1000,1,graphics/icons/cargo/Archives_IE.png,ui_chip_pickup,ui_bp_package_drop,data.campaign.archives.WitchData.Archives_IE_0,,Touching the slab projects additional information... So they actually have this functionality?,3.4,
Holographic Record,Archives_IE_1,,Elis Archives,5,100000,1000,1,graphics/icons/cargo/Archives_IE.png,ui_chip_pickup,ui_bp_package_drop,data.campaign.archives.WitchData.Archives_IE_1,,Touching the slab projects additional information... So they actually have this functionality?,3.5,
Holographic Record,Archives_IE_2,,Elis Archives,5,100000,1000,1,graphics/icons/cargo/Archives_IE.png,ui_chip_pickup,ui_bp_package_drop,data.campaign.archives.WitchData.Archives_IE_2,,Touching the slab projects additional information... So they actually have this functionality?,3.6,
Holographic Record,Archives_IE_3,,Elis Archives,5,100000,1000,1,graphics/icons/cargo/Archives_IE.png,ui_chip_pickup,ui_bp_package_drop,data.campaign.archives.WitchData.Archives_IE_22,,Touching the slab projects additional information... So they actually have this functionality?,3.7,
Holographic Record,Archives_IE_4,,Elis Archives,5,100000,1000,1,graphics/icons/cargo/Archives_IE.png,ui_chip_pickup,ui_bp_package_drop,data.campaign.archives.WitchData.Archives_IE_3,,Touching the slab projects additional information... So they actually have this functionality?,3.8,
Holographic Record,Archives_IECM,,Elis Archives,5,100000,1000,1,graphics/icons/cargo/Archives_CM.png,ui_chip_pickup,ui_bp_package_drop,data.campaign.archives.WitchData.Archives_CMIE,,"Touching these slabs... Ugh, who else could this damn color belong to?",3.9,
Holographic Record,Archives_IEEI,,Elis Archives,5,100000,1000,1,graphics/icons/cargo/Archives_Ei.png,ui_chip_pickup,ui_bp_package_drop,data.campaign.archives.WitchData.Archives_ElisIE,,Touching these slabs... This entry seems to be transmitted from elsewhere...,3.9,

Viridian Engraved Slab,Data_SSoul_1,,Elis Archives,5,100000,1000,1,graphics/icons/cargo/Slabstone_SSoul.png,ui_chip_pickup,ui_bp_package_drop,data.campaign.archives.WitchData.Data_SSoul_1,,"While you don't understand why anyone would use these abstract stone slabs for data storage in this digital age, the retro lighting embedded in the walls does look undeniably cool.",4.1,
Viridian Engraved Slab,Data_SSoul_2,,Elis Archives,5,100000,1000,1,graphics/icons/cargo/Slabstone_SSoul.png,ui_chip_pickup,ui_bp_package_drop,data.campaign.archives.WitchData.Data_SSoul_2,,"While you don't understand why anyone would use these abstract stone slabs for data storage in this digital age, the retro lighting embedded in the walls does look undeniably cool.",4.2,
Viridian Engraved Slab,Data_SSoul_3,,Elis Archives,5,100000,1000,1,graphics/icons/cargo/Slabstone_SSoul.png,ui_chip_pickup,ui_bp_package_drop,data.campaign.archives.WitchData.Data_SSoul_3,,"While you don't understand why anyone would use these abstract stone slabs for data storage in this digital age, the retro lighting embedded in the walls does look undeniably cool.",4.3,
Holographic Record,Archives_SSoul_0,,Elis Archives,5,100000,1000,1,graphics/icons/cargo/Archives_SSoul.png,ui_chip_pickup,ui_bp_package_drop,data.campaign.archives.WitchData.Archives_SSoul_0,,Touching the slab projects additional information... So they actually have this functionality?,4.4,
Holographic Record,Archives_SSoul_1,,Elis Archives,5,100000,1000,1,graphics/icons/cargo/Archives_SSoul.png,ui_chip_pickup,ui_bp_package_drop,data.campaign.archives.WitchData.Archives_SSoul_1,,Touching the slab projects additional information... So they actually have this functionality?,4.5,
Holographic Record,Archives_SSoul_2,,Elis Archives,5,100000,1000,1,graphics/icons/cargo/Archives_SSoul.png,ui_chip_pickup,ui_bp_package_drop,data.campaign.archives.WitchData.Archives_SSoul_2,,Touching the slab projects additional information... So they actually have this functionality?,4.6,
Holographic Record,Archives_SSoul_3,,Elis Archives,5,100000,1000,1,graphics/icons/cargo/Archives_SSoul.png,ui_chip_pickup,ui_bp_package_drop,data.campaign.archives.WitchData.Archives_SSoul_22,,Touching the slab projects additional information... So they actually have this functionality?,4.7,
Holographic Record,Archives_SSoul_4,,Elis Archives,5,100000,1000,1,graphics/icons/cargo/Archives_SSoul.png,ui_chip_pickup,ui_bp_package_drop,data.campaign.archives.WitchData.Archives_SSoul_3,,Touching the slab projects additional information... So they actually have this functionality?,4.8,
Holographic Record,Archives_SSoulCM,,Elis Archives,5,100000,1000,1,graphics/icons/cargo/Archives_CM.png,ui_chip_pickup,ui_bp_package_drop,data.campaign.archives.WitchData.Archives_CMSSoul,,"Touching these slabs... Ugh, who else could this damn color belong to?",4.9,
Holographic Record,Archives_SSoulEI,,Elis Archives,5,100000,1000,1,graphics/icons/cargo/Archives_Ei.png,ui_chip_pickup,ui_bp_package_drop,data.campaign.archives.WitchData.Archives_ElisSSoul,,Touching these slabs... This entry seems to be transmitted from elsewhere...,4.9,

Amber Engraved Slab,Data_Elf_1,,Elis Archives,5,100000,1000,1,graphics/icons/cargo/Slabstone_Elf.png,ui_chip_pickup,ui_bp_package_drop,data.campaign.archives.WitchData.Data_Elf_1,,"While you don't understand why anyone would use these abstract stone slabs for data storage in this digital age, the retro lighting embedded in the walls does look undeniably cool.",5.1,
Amber Engraved Slab,Data_Elf_2,,Elis Archives,5,100000,1000,1,graphics/icons/cargo/Slabstone_Elf.png,ui_chip_pickup,ui_bp_package_drop,data.campaign.archives.WitchData.Data_Elf_2,,"While you don't understand why anyone would use these abstract stone slabs for data storage in this digital age, the retro lighting embedded in the walls does look undeniably cool.",5.2,
Amber Engraved Slab,Data_Elf_3,,Elis Archives,5,100000,1000,1,graphics/icons/cargo/Slabstone_Elf.png,ui_chip_pickup,ui_bp_package_drop,data.campaign.archives.WitchData.Data_Elf_3,,"While you don't understand why anyone would use these abstract stone slabs for data storage in this digital age, the retro lighting embedded in the walls does look undeniably cool.",5.3,
Holographic Record,Archives_Elf_0,,Elis Archives,5,100000,1000,1,graphics/icons/cargo/Archives_Elf.png,ui_chip_pickup,ui_bp_package_drop,data.campaign.archives.WitchData.Archives_Elf_0,,Touching the slab projects additional information... So they actually have this functionality?,5.4,
Holographic Record,Archives_Elf_1,,Elis Archives,5,100000,1000,1,graphics/icons/cargo/Archives_Elf.png,ui_chip_pickup,ui_bp_package_drop,data.campaign.archives.WitchData.Archives_Elf_1,,Touching the slab projects additional information... So they actually have this functionality?,5.5,
Holographic Record,Archives_Elf_2,,Elis Archives,5,100000,1000,1,graphics/icons/cargo/Archives_Elf.png,ui_chip_pickup,ui_bp_package_drop,data.campaign.archives.WitchData.Archives_Elf_2,,Touching the slab projects additional information... So they actually have this functionality?,5.6,
Holographic Record,Archives_Elf_3,,Elis Archives,5,100000,1000,1,graphics/icons/cargo/Archives_Elf.png,ui_chip_pickup,ui_bp_package_drop,data.campaign.archives.WitchData.Archives_Elf_22,,Touching the slab projects additional information... So they actually have this functionality?,5.7,
Holographic Record,Archives_Elf_4,,Elis Archives,5,100000,1000,1,graphics/icons/cargo/Archives_Elf.png,ui_chip_pickup,ui_bp_package_drop,data.campaign.archives.WitchData.Archives_Elf_3,,Touching the slab projects additional information... So they actually have this functionality?,5.8,
Holographic Record,Archives_ElfCM,,Elis Archives,5,100000,1000,1,graphics/icons/cargo/Archives_CM.png,ui_chip_pickup,ui_bp_package_drop,data.campaign.archives.WitchData.Archives_CMElf,,"Touching these slabs... Ugh, who else could this damn color belong to?",5.9,
Holographic Record,Archives_ElfEI,,Elis Archives,5,100000,1000,1,graphics/icons/cargo/Archives_Ei.png,ui_chip_pickup,ui_bp_package_drop,data.campaign.archives.WitchData.Archives_ElisFix,,Touching these slabs... This entry seems to be transmitted from elsewhere...,5.9,

Crimson Engraved Slab,Data_Dust_1,,Elis Archives,5,100000,1000,1,graphics/icons/cargo/Slabstone_Dust.png,ui_chip_pickup,ui_bp_package_drop,data.campaign.archives.WitchData.Data_Dust_1,,"While you don't understand why anyone would use these abstract stone slabs for data storage in this digital age, the retro lighting embedded in the walls does look undeniably cool.",6.1,
Crimson Engraved Slab,Data_Dust_2,,Elis Archives,5,100000,1000,1,graphics/icons/cargo/Slabstone_Dust.png,ui_chip_pickup,ui_bp_package_drop,data.campaign.archives.WitchData.Data_Dust_2,,"While you don't understand why anyone would use these abstract stone slabs for data storage in this digital age, the retro lighting embedded in the walls does look undeniably cool.",6.2,
Crimson Engraved Slab,Data_Dust_3,,Elis Archives,5,100000,1000,1,graphics/icons/cargo/Slabstone_Dust.png,ui_chip_pickup,ui_bp_package_drop,data.campaign.archives.WitchData.Data_Dust_3,,"While you don't understand why anyone would use these abstract stone slabs for data storage in this digital age, the retro lighting embedded in the walls does look undeniably cool.",6.3,
Holographic Record,Archives_Dust_0,,Elis Archives,5,100000,1000,1,graphics/icons/cargo/Archives_Dust.png,ui_chip_pickup,ui_bp_package_drop,data.campaign.archives.WitchData.Archives_Dust_0,,Touching the slab projects additional information... So they actually have this functionality?,6.4,
Holographic Record,Archives_Dust_1,,Elis Archives,5,100000,1000,1,graphics/icons/cargo/Archives_Dust.png,ui_chip_pickup,ui_bp_package_drop,data.campaign.archives.WitchData.Archives_Dust_1,,Touching the slab projects additional information... So they actually have this functionality?,6.5,
Holographic Record,Archives_Dust_2,,Elis Archives,5,100000,1000,1,graphics/icons/cargo/Archives_Dust.png,ui_chip_pickup,ui_bp_package_drop,data.campaign.archives.WitchData.Archives_Dust_2,,Touching the slab projects additional information... So they actually have this functionality?,6.6,
Holographic Record,Archives_Dust_3,,Elis Archives,5,100000,1000,1,graphics/icons/cargo/Archives_Dust.png,ui_chip_pickup,ui_bp_package_drop,data.campaign.archives.WitchData.Archives_Dust_22,,Touching the slab projects additional information... So they actually have this functionality?,6.7,
Holographic Record,Archives_Dust_4,,Elis Archives,5,100000,1000,1,graphics/icons/cargo/Archives_Dust.png,ui_chip_pickup,ui_bp_package_drop,data.campaign.archives.WitchData.Archives_Dust_3,,Touching the slab projects additional information... So they actually have this functionality?,6.8,
Holographic Record,Archives_DustCM,,Elis Archives,5,100000,1000,1,graphics/icons/cargo/Archives_CM.png,ui_chip_pickup,ui_bp_package_drop,data.campaign.archives.WitchData.Archives_CMDust,,"Touching these slabs... Ugh, who else could this damn color belong to?",6.9,
Holographic Record,Archives_DustEI,,Elis Archives,5,100000,1000,1,graphics/icons/cargo/Archives_Ei.png,ui_chip_pickup,ui_bp_package_drop,data.campaign.archives.WitchData.Archives_ElisDust,,Touching these slabs... This entry seems to be transmitted from elsewhere...,6.9,

Pale Damaged Terminal,Data_Ba_2,,Elis Archives,5,,1000,1,graphics/icons/cargo/Data_Ba.png,ui_chip_pickup,ui_bp_package_drop,data.campaign.archives.Story.Data_Ba_2,,A personal terminal recovered from a disabled capital ship - unlike any Persean model you've seen. Its battered appearance could be from combat or original design. Remarkably it still functions and contains mysterious data.,1,
Pale Damaged Terminal,Data_Bb_2,,Elis Archives,5,,1000,1,graphics/icons/cargo/Data_Ba.png,ui_chip_pickup,ui_bp_package_drop,data.campaign.archives.Story.Data_Bb_2,,A personal terminal recovered from a disabled capital ship - unlike any Persean model you've seen. Its battered appearance could be from combat or original design. Remarkably it still functions and contains mysterious data.,1,
Pale Damaged Terminal,Data_Bc_2,,Elis Archives,5,,1000,1,graphics/icons/cargo/Data_Ba.png,ui_chip_pickup,ui_bp_package_drop,data.campaign.archives.Story.Data_Bc_2,,A personal terminal recovered from a disabled capital ship - unlike any Persean model you've seen. Its battered appearance could be from combat or original design. Remarkably it still functions and contains mysterious data.,1,
Pale Damaged Terminal,Data_Bd_2,,Elis Archives,5,,1000,1,graphics/icons/cargo/Data_Ba.png,ui_chip_pickup,ui_bp_package_drop,data.campaign.archives.Story.Data_Bd_2,,A personal terminal recovered from a disabled capital ship - unlike any Persean model you've seen. Its battered appearance could be from combat or original design. Remarkably it still functions and contains mysterious data.,1,
Pale Damaged Terminal,Data_Be_2,,Elis Archives,5,,1000,1,graphics/icons/cargo/Data_Ba.png,ui_chip_pickup,ui_bp_package_drop,data.campaign.archives.Story.Data_Be_2,,A personal terminal recovered from a disabled capital ship - unlike any Persean model you've seen. Its battered appearance could be from combat or original design. Remarkably it still functions and contains mysterious data.,1,
Pale Damaged Terminal,Data_Bf_2,,Elis Archives,5,,1000,1,graphics/icons/cargo/Data_Ba.png,ui_chip_pickup,ui_bp_package_drop,data.campaign.archives.Story.Data_Bf_2,,A personal terminal recovered from a disabled capital ship - unlike any Persean model you've seen. Its battered appearance could be from combat or original design. Remarkably it still functions and contains mysterious data.,1,

Abyssal Blue Damaged Terminal,Data_RRA_4,,Elis Archives,5,,1000,1,graphics/icons/cargo/Data_RRA.png,ui_chip_pickup,ui_bp_package_drop,data.campaign.archives.Story.Data_RRA_4,,A personal terminal recovered from a disabled capital ship - unlike any Persean model you've seen. Its battered appearance could be from combat or original design. Remarkably it still functions and contains mysterious data.,1,
Radiant Damaged Terminal,Data_IE_4,,Elis Archives,5,,1000,1,graphics/icons/cargo/Data_IE.png,ui_chip_pickup,ui_bp_package_drop,data.campaign.archives.Story.Data_IE_4,,A personal terminal recovered from a disabled capital ship - unlike any Persean model you've seen. Its battered appearance could be from combat or original design. Remarkably it still functions and contains mysterious data.,1,
Ashen Damaged Terminal,Data_Cross_4,,Elis Archives,5,,1000,1,graphics/icons/cargo/Data_Cross.png,ui_chip_pickup,ui_bp_package_drop,data.campaign.archives.Story.Data_Cross_4,,A personal terminal recovered from a disabled capital ship - unlike any Persean model you've seen. Its battered appearance could be from combat or original design. Remarkably it still functions and contains mysterious data.,1,
Viridian Damaged Terminal,Data_SSoul_4,,Elis Archives,5,,1000,1,graphics/icons/cargo/Data_SSoul.png,ui_chip_pickup,ui_bp_package_drop,data.campaign.archives.Story.Data_SSoul_4,,A personal terminal recovered from a disabled capital ship - unlike any Persean model you've seen. Its battered appearance could be from combat or original design. Remarkably it still functions and contains mysterious data.,1,
Amber Damaged Terminal,Data_Elf_4,,Elis Archives,5,,1000,1,graphics/icons/cargo/Data_Elf.png,ui_chip_pickup,ui_bp_package_drop,data.campaign.archives.Story.Data_Elf_4,,A personal terminal recovered from a disabled capital ship - unlike any Persean model you've seen. Its battered appearance could be from combat or original design. Remarkably it still functions and contains mysterious data.,1,
Crimson Damaged Terminal,Data_Dust_4,,Elis Archives,5,,1000,1,graphics/icons/cargo/Data_Dust.png,ui_chip_pickup,ui_bp_package_drop,data.campaign.archives.Story.Data_Dust_4,,A personal terminal recovered from a disabled capital ship - unlike any Persean model you've seen. Its battered appearance could be from combat or original design. Remarkably it still functions and contains mysterious data.,1,

Holographic Record,Archives_CM,,Elis Archives,5,0,1000,1,graphics/icons/cargo/Archives_CM.png,ui_chip_pickup,ui_bp_package_drop,data.campaign.archives.Elis.Archives_CM,,A projection from a mysteriously styled luminous stele...,999,
Holographic Record,Archives_CM2,,Elis Archives,5,100000,1000,1,graphics/icons/cargo/Archives_CM.png,ui_chip_pickup,ui_bp_package_drop,data.campaign.archives.database.Archives_CM2,,A projection from a mysteriously styled luminous stele...,999,
Holographic Record,Archives_CM3,,Elis Archives,5,100000,1000,1,graphics/icons/cargo/Archives_CM.png,ui_chip_pickup,ui_bp_package_drop,data.campaign.archives.Elis.Archives_CM3,,A projection from a mysteriously styled luminous stele...,999,

Holographic Record,Archives_CM233,,Elis Archives,5,0,1000,1,graphics/icons/cargo/Archives_DR.png,ui_chip_pickup,ui_bp_package_drop,data.campaign.archives.Elis.Archives_CM233,,"An eerie projection of unknown origin, fixed in space... You sense recklessly interacting with this could bring unforeseen consequences to the sector...",1000,

Cube Projection,Archives_Ring,,Elis Archives,5,100000,1000,1,graphics/icons/cargo/Archives_Ei.png,ui_chip_pickup,ui_bp_package_drop,data.campaign.archives.Cube.Archives_Ring,,A message gradually materializing from the newly opened cube...,1.1,
Cube Projection,Archives_Elis,,Elis Archives,5,100000,1000,1,graphics/icons/cargo/Archives_Ei.png,ui_chip_pickup,ui_bp_package_drop,data.campaign.archives.Cube.Archives_Elis,,A message gradually materializing from the newly opened cube...,1.2,
Cube Projection,Archives_Hillya,,Elis Archives,5,100000,1000,1,graphics/icons/cargo/Archives_Ei.png,ui_chip_pickup,ui_bp_package_drop,data.campaign.archives.Cube.Archives_Hillya,,A message gradually materializing from the newly opened cube...,1.3,
Cube Projection,Archives_Shinki,,Elis Archives,5,100000,1000,1,graphics/icons/cargo/Archives_Ei.png,ui_chip_pickup,ui_bp_package_drop,data.campaign.archives.Cube.Archives_Shinki,,A message gradually materializing from the newly opened cube...,1.4,
Cube Projection,Archives_Romena,,Elis Archives,5,100000,1000,1,graphics/icons/cargo/Archives_Ei.png,ui_chip_pickup,ui_bp_package_drop,data.campaign.archives.Cube.Archives_Romena,,A message gradually materializing from the newly opened cube...,1
Cube Projection,Archives_Reincarnation,,Elis Archives,5,100000,1000,1,graphics/icons/cargo/Archives_Ei.png,ui_chip_pickup,ui_bp_package_drop,data.campaign.archives.Cube.Archives_Reincarnation,,A message gradually materializing from the newly opened cube...,1.6,
Cube Projection,Data_Ba_1,,Elis Archives,5,100000,1000,1,graphics/icons/cargo/Archives_Ei.png,ui_chip_pickup,ui_bp_package_drop,data.campaign.archives.Cube.Data_Ba_1,,A message gradually materializing from the newly opened cube...,1.7,
Cube Projection,Data_Bb_1,,Elis Archives,5,100000,1000,1,graphics/icons/cargo/Archives_Ei.png,ui_chip_pickup,ui_bp_package_drop,data.campaign.archives.Cube.Data_Bb_1,,A message gradually materializing from the newly opened cube...,1.8,
Cube Projection,Archives_OldGod,,Elis Archives,5,100000,1000,1,graphics/icons/cargo/Archives_Ei.png,ui_chip_pickup,ui_bp_package_drop,data.campaign.archives.Cube.Archives_OldGod,,A message gradually materializing from the newly opened cube...,1.9,
Cube Projection,Archives_Witch,,Elis Archives,5,100000,1000,1,graphics/icons/cargo/Archives_Ei.png,ui_chip_pickup,ui_bp_package_drop,data.campaign.archives.Cube.Archives_Witch,,A message gradually materializing from the newly opened cube...,1.91,
Cube Projection,Archives_Yihui,,Elis Archives,5,100000,1000,1,graphics/icons/cargo/Archives_Ei.png,ui_chip_pickup,ui_bp_package_drop,data.campaign.archives.Cube.Archives_Yihui,,A message gradually materializing from the newly opened cube...,1.92,
Cube Projection,Archives_Rules,,Elis Archives,5,100000,1000,1,graphics/icons/cargo/Archives_Ei.png,ui_chip_pickup,ui_bp_package_drop,data.campaign.archives.Cube.Archives_Rules,,A message gradually materializing from the newly opened cube...,1.93,
Cube Projection,Archives_CMELF,,Elis Archives,5,100000,1000,1,graphics/icons/cargo/Archives_Ei.png,ui_chip_pickup,ui_bp_package_drop,data.campaign.archives.Cube.Archives_CMELF,,A message gradually materializing from the newly opened cube...,1.94,
Cube Projection,Archives_Angel,,Elis Archives,5,100000,1000,1,graphics/icons/cargo/Archives_Ei.png,ui_chip_pickup,ui_bp_package_drop,data.campaign.archives.Cube.Archives_Angel,,A message gradually materializing from the newly opened cube...,1.95,
Cube Projection,Archives_Demon,,Elis Archives,5,100000,1000,1,graphics/icons/cargo/Archives_Ei.png,ui_chip_pickup,ui_bp_package_drop,data.campaign.archives.Cube.Archives_Demon,,A message gradually materializing from the newly opened cube...,1.96,

Story Transmission,Archives_AL,,Elis Archives,5,100000,1000,1,graphics/icons/cargo/Archives_Ei.png,ui_chip_pickup,ui_bp_package_drop,data.campaign.archives.Story.Archives_AL,,,5,
Story Transmission,Archives_AL2,,Elis Archives,5,100000,1000,1,graphics/icons/cargo/Archives_Ei.png,ui_chip_pickup,ui_bp_package_drop,data.campaign.archives.Story.Archives_AL2,,,5,
Story Transmission,Archives_AL3_1,,Elis Archives,5,100000,1000,1,graphics/icons/cargo/Archives_RRA.png,ui_chip_pickup,ui_bp_package_drop,data.campaign.archives.Story.Archives_AL3_1,,,5,
Story Transmission,Archives_AL3_2,,Elis Archives,5,100000,1000,1,graphics/icons/cargo/Archives_RRA.png,ui_chip_pickup,ui_bp_package_drop,data.campaign.archives.Story.Archives_AL3_2,,,5,
Story Transmission,Archives_AL3_3,,Elis Archives,5,100000,1000,1,graphics/icons/cargo/Archives_RRA.png,ui_chip_pickup,ui_bp_package_drop,data.campaign.archives.Story.Archives_AL3_3,,,5,

Pale Engraved Slab,Archives_DH,,Elis Archives,5,100000,1000,1,graphics/icons/cargo/Slabstone_BA.png,ui_chip_pickup,ui_bp_package_drop,data.campaign.archives.kingdom.Archives_DH,,A mysteriously styled luminous stele...,1,
Pale Engraved Slab,Archives_ET,,Elis Archives,5,100000,1000,1,graphics/icons/cargo/Slabstone_BA.png,ui_chip_pickup,ui_bp_package_drop,data.campaign.archives.kingdom.Archives_ET,,A mysteriously styled luminous stele...,2,
Pale Engraved Slab,Archives_ZS,,Elis Archives,5,100000,1000,1,graphics/icons/cargo/Slabstone_BA.png,ui_chip_pickup,ui_bp_package_drop,data.campaign.archives.kingdom.Archives_ZS,,A mysteriously styled luminous stele...,3,
Pale Engraved Slab,Data_Be_1,,Elis Archives,5,100000,1000,1,graphics/icons/cargo/Slabstone_BA.png,ui_chip_pickup,ui_bp_package_drop,data.campaign.archives.kingdom.Data_Be_1,,A mysteriously styled luminous stele...,999,
Pale Engraved Slab,Data_Bc_1,,Elis Archives,5,100000,1000,1,graphics/icons/cargo/Slabstone_BA.png,ui_chip_pickup,ui_bp_package_drop,data.campaign.archives.kingdom.Data_Bc_1,,A mysteriously styled luminous stele...,999,
Pale Engraved Slab,Data_Bd_1,,Elis Archives,5,100000,1000,1,graphics/icons/cargo/Slabstone_BA.png,ui_chip_pickup,ui_bp_package_drop,data.campaign.archives.kingdom.Data_Bd_1,,A mysteriously styled luminous stele...,999,

Spatial Echo,Archives_CM233_Liao,Cargo_target,Elis Archives,5,0,1000,1,graphics/icons/cargo/Archives_DR.png,ui_chip_pickup,ui_bp_package_drop,data.campaign.archives.Elis.Archives_CM233_Liao,,An eerie projection of unknown origin anchored in space... You sense interacting with this recklessly might bring unforeseen consequences to the sector...,1000,
Spatial Echo,Archives_CM233_ROTK,Cargo_target,Elis Archives,5,0,1000,1,graphics/icons/cargo/Archives_DR.png,ui_chip_pickup,ui_bp_package_drop,data.campaign.archives.Elis.Archives_CM233_ROTK,,An eerie projection of unknown origin anchored in space... You sense interacting with this recklessly might bring unforeseen consequences to the sector...,1001,
Spatial Echo,Archives_CM233_Sudan,Cargo_target,Elis Archives,5,0,1000,1,graphics/icons/cargo/Archives_DR.png,ui_chip_pickup,ui_bp_package_drop,data.campaign.archives.Elis.Archives_CM233_Sudan,,An eerie projection of unknown origin anchored in space... You sense interacting with this recklessly might bring unforeseen consequences to the sector...,1002,
Spatial Echo,Archives_CM233_SZB,Cargo_target,Elis Archives,5,0,1000,1,graphics/icons/cargo/Archives_DR.png,ui_chip_pickup,ui_bp_package_drop,data.campaign.archives.Elis.Archives_CM233_SZB,,An eerie projection of unknown origin anchored in space... You sense interacting with this recklessly might bring unforeseen consequences to the sector...,1003,
Spatial Echo,Archives_CM233_Ju,Cargo_target,Elis Archives,5,0,1000,1,graphics/icons/cargo/Archives_DR.png,ui_chip_pickup,ui_bp_package_drop,data.campaign.archives.Elis.Archives_CM233_Ju,,An eerie projection of unknown origin anchored in space... You sense interacting with this recklessly might bring unforeseen consequences to the sector...,1004,
Spatial Echo,Archives_CM233_YKM,Cargo_target,Elis Archives,5,0,1000,1,graphics/icons/cargo/Archives_DR.png,ui_chip_pickup,ui_bp_package_drop,data.campaign.archives.Elis.Archives_CM233_YKM,,An eerie projection of unknown origin anchored in space... You sense interacting with this recklessly might bring unforeseen consequences to the sector...,1005,
Spatial Echo,Archives_CM233_Zako,Cargo_target,Elis Archives,5,0,1000,1,graphics/icons/cargo/Archives_DR.png,ui_chip_pickup,ui_bp_package_drop,data.campaign.archives.Elis.Archives_CM233_Zako,,An eerie projection of unknown origin anchored in space... You sense interacting with this recklessly might bring unforeseen consequences to the sector...,1006,
Spatial Echo,Archives_CM233_ZuanShi,Cargo_target,Elis Archives,5,0,1000,1,graphics/icons/cargo/Archives_DR.png,ui_chip_pickup,ui_bp_package_drop,data.campaign.archives.Elis.Archives_CM233_ZuanShi,,An eerie projection of unknown origin anchored in space... You sense interacting with this recklessly might bring unforeseen consequences to the sector...,1007,
Spatial Echo,Archives_CM233_YuanXingZhe,Cargo_target,Elis Archives,5,0,1000,1,graphics/icons/cargo/Archives_DR.png,ui_chip_pickup,ui_bp_package_drop,data.campaign.archives.Elis.Archives_CM233_YuanXingZhe,,An eerie projection of unknown origin anchored in space... You sense interacting with this recklessly might bring unforeseen consequences to the sector...,1008,

Infinite Gold Pouch,Crad_infinitegold,Cargo_target,Crimson Treasure,5,1,1000,0,graphics/icons/cargo/gold.png,ui_chip_pickup,ui_bp_package_drop,data.campaign.Crad_infinitegold,,"Endless gold, but at what cost?",1,
Crimson Invitation,Crad_Skip,Cargo_target,Crimson Treasure,5,1,1000,0,graphics/icons/cargo/CradCrimson.png,ui_chip_pickup,ui_bp_package_drop,data.GongShi.Crad_Skip,,"A strange card emanating temporal ripples - perhaps from an alternate version of yourself?",1,
Mystic Invitation,Crad_Diff1,Cargo_target,Crimson Treasure,5,1,1000,0,graphics/icons/cargo/CradFog.png,ui_chip_pickup,ui_bp_package_drop,data.GongShi.Crad_Diff1,,"A strange card emanating temporal ripples - perhaps from an alternate version of yourself?",1,
Mystic Invitation,Crad_Diff2,Cargo_target,Crimson Treasure,5,1,1000,0,graphics/icons/cargo/CradFog.png,ui_chip_pickup,ui_bp_package_drop,data.GongShi.Crad_Diff2,,"A strange card emanating temporal ripples - perhaps from an alternate version of yourself?",1,
Mystic Invitation,Crad_Diff3,Cargo_target,Crimson Treasure,5,1,1000,0,graphics/icons/cargo/CradFog.png,ui_chip_pickup,ui_bp_package_drop,data.GongShi.Crad_Diff3,,"A strange card emanating temporal ripples - perhaps from an alternate version of yourself?",1,